,FG,EFG,3FG,2FG
24-22,0.5716754443712969,0.5800691244239631,0.35051546391752575,0.582800345721694
22-18 Very Early,0.5217943215130455,0.5976429439000557,0.3735243192192665,0.6231892972474242
18-15 Early,0.47021234623568037,0.5475876791275064,0.3744012818108988,0.5377142102292515
15-7 Average,0.46012528470859543,0.5298010077585515,0.368747990394943,0.5156342207409008
7-4 Late,0.4340389661595356,0.49977566586450217,0.3510491541421622,0.48373002934463644
4-0 Very Late,0.355214146156333,0.41315378884781356,0.26243076335391863,0.4285786201515266
